iter	MultiClass
0	1.050070403
1	1.01406726
2	0.9712725398
3	0.9227401379
4	0.8863374794
5	0.8486427346
6	0.8196210223
7	0.7980624906
8	0.7572602668
9	0.7354232097
